项目名称,项目概况,总投资,环保投资,环保投资占比
青海矿业集团股份有限公司60万吨/年烯烃项目,项目以当地煤炭为原料，采用煤气化、甲醇合成、甲醇制烯烃等生产工艺，生产乙烯26万吨/年、聚丙烯41.54万吨/年等产品。建设内容主要包括：（1）主体工程：空分、煤气化、变换、低温甲醇洗、硫磺回收、甲醇合成、MTO、MTBE/丁烯-1、烯烃转化和聚丙烯等10套生产装置。（2）公用工程：循环水系统、热动力站、火炬系统等。（3）储运工程：煤储运、罐区、仓库等。（4）环保工程：废水处理系统、回用水处理系统、废气处理设施等。 项目总投资211.44亿元，其中环保投资为 15.93亿元，占总投资的7.5%。,211.44亿元,15.93亿元,7.5%
锡林郭勒峰峰能源有限公司查干淖尔一号井项目,该项目属查干淖尔矿区规划矿井，井田面积83.4平方公里，设计规模500万吨/年，配套同等规模选煤厂，服务年限192.6年。采用立井开拓，采用综采一次采全高，全部跨落法管理顶板。主要建设主立井、副立井、回风立井、选煤厂等主体及其辅助、储运、公用及环保工程。产品煤经全封闭输煤廊道输至查干淖尔电厂。总投资29.22亿元，其中环保投资2947.49万元，占总投资的1.01%。,29.22亿元,2947.49万元,1.01%
大同煤矿集团有限责任公司梵王寺矿井及选煤厂项目,该项目属晋北煤炭基地朔南矿区，井田面积67平方公里，设计规模600万吨/年，配套建设同等规模选煤厂，服务年限64.3年。属瓦斯矿井。立井开拓方式，全部冒落法管理顶板。主要建设主立井、副立井、回风立井、选煤厂等主体工程及其辅助工程，原煤仓、产品仓、中煤仓及场外道路等储运工程，供水、供电以及矿井水、生活污水处理站等公用及环保工程。工程总投资68.747亿元，其中环保投资2588万元，占总投资的0.38%。,68.747亿元,2588万元,0.38%
黑龙江省富锦市锦西灌区工程,工程任务为建设从松花江提水的灌溉水源工程和灌区灌排工程系统，解决锦西灌区农业灌溉用水要求。灌区多年平均引松水量3.53亿立方米，设计灌溉面积110.33万亩。工程建设内容主要包括新建松花江引渠及锦西渠首提水泵站1座；新建灌溉总干渠9.398公里，结合现有排水沟道扩建（灌排）干渠141.01公里；新扩建（灌排）支渠（沟）83条，总长289.34公里。新建渠系建筑物332座，新建机电井1764眼。 工程总投资 26.26 亿元，其中环保投资7287.4万元。,26.26亿元,7287.4万元,
江苏省淮河流域重点平原洼地近期治理工程,工程任务为通过疏浚河道和加固堤防，提高现有河道的排涝防洪能力；通过新建、重建、扩建、维修加固现有建筑物，使治理区形成完整的防洪排涝体系。工程主要建设内容包括：疏浚河道430.77公里，疏浚排涝沟199.98公里；堤防工程254.1公里；跨河桥梁工程174座；泵站工程180座；涵闸工程432座；闸站结合工程102座。 工程总投资76.83亿元，其中环保投资28614.17万元 。,76.83亿元,28614.17万元,
蒙西煤制天然气外输管道项目,工程包括1条干线、3条支线、1条联络线和5条连接管道，线路全长1279公里。干线起于内蒙古鄂尔多斯杭锦旗首站，止于河北黄骅市黄骅末站，设计输气量200亿立方米/年，气源为鄂尔多斯地区及山西大同煤制天然气项目；全线设工艺场站17座、截断阀室50座；穿越大中型河流102处，穿越铁路23处、高等级公路124处，设山体隧道12处；新改扩建伴行路61.2公里、施工便道506.15公里。 项目总投资 210.6 亿元，其中环保投资 12.6 亿元，占总投资的 6.0% 。,210.6亿元,12.6亿元,6.0%
中国石化青宁输气管道工程,"工程 起于山东省青岛市山东LNG首站，止于江苏省南京市南京输气站，与川气东送相连。全长约536公里，管径1016毫米，设计压力为10.0兆帕，设计输量为100亿立方米/年。本工程规划气源为山东LNG、江苏华电赣榆LNG，拟为 沿线目标市场供气。共设站场11座，RTU阀室22座；穿越河流93处,穿越高速公路8处、其他高等级公路54处，穿越铁路8处；新建施工便道6.6公里，改扩建施工便道7.15公里，新建施工便桥62座， 改扩建施工便桥213座。 工程总投资67.7亿元，其中环保投资3.4亿元，占总投资的5.0%。",67.7亿元,3.4亿元,5.0%
陕西永陇矿区麟游区招贤煤矿项目,该项目属永陇矿区麟游区新建矿井之一。井田面积79.2平方公里，可采面积 37.06 平方公里。设计规模240万吨/年，配套建设同等规模选煤厂，服务年限57.8年。属高瓦斯矿井。采用斜井开拓，长壁综采放顶煤采煤法，全部跨落法管理顶板。选煤采用重介浅槽分选工艺。主要建设主斜井、副立井、回风立井、选煤厂及瓦斯抽采站等主体及其辅助工程、储运工程、公用工程、环保工程以及瓦斯发电站等依托工程。总投资22.86亿元，其中环保投资5742.1万元， 占总投资的 2 . 51 %。,22.86亿元,5742.1万元,2.51%
山西煤炭进出口集团河曲旧县露天煤业有限公司兼并重组整合变更项目,2012年4月，我部以环审〔2012〕100号文对《山西煤炭进出口集团河曲旧县露天煤业有限公司兼并重组整合项目环境影响报告书》予以批复，井田面积24.95平方公里，设计生产能力300万吨/年，服务年限71.85年。工程变更主要内容：外排土场由1个增加至4个，工业场地数量由10个减少至3个，位置发生变化；锅炉台数由4台减少至2台等。变更后矿田面积、设计可采储量、设计生产能力、服务年限与原环评批复一致。本工程露天采掘系统、工业场地及外排土场均已基本建成。工程总投资21.93亿元，环保投资4496.7万元，占工程总投资的2.05%。,21.93亿元,4496.7万元,2.05%
综合极端条件实验装置项目,该项目由中国科学院物理研究所和吉林大学共同建设，北京分部位于北京市怀柔区雁栖经济开发区（怀柔科学城综合性国家科学中心内）。主要包括极端 条件物性表征系统、极端量子态调控系统、超快条件物质研究系统 和辅助实验系统，以及配套公用、环保工程，建筑面积4.8万平方米。吉林分部位于吉林省长春市高新技术开发区吉林大学中心校区基础教育园区内，主要包括 高温高压大体积材料研究系统 和 辅助 实验 系统 ，以及配套公用、环保工程，建筑面积6000平方米。项目总投资16.87亿元，环保投资约2754万元，占项目总投资的1.6 % .,16.87亿元,2754万元,1.6%
青海省海西州那棱格勒河水利枢纽工程,工程位于青海省海西州格尔木市乌图美仁乡境内，开发任务为以供水、防洪为主，兼顾发电。正常蓄水位3297米，水库总库容5.88亿立方米，属不完全年调节水库。工程主要由挡水建筑物、泄水建筑物和引水发电系统等建筑物组成。拦河大坝由主坝和副坝组成，主坝为沥青混凝土心墙堆石坝，最大坝高78米。电站厂房采用地面式厂房，总装机容量为2.4万千瓦。 工程总投资23.2亿元，其中环保投资约12662万元，约占总投资的5.5%。,23.2亿元,12662万元,5.5%
伊泰伊犁能源有限公司100万吨/年煤制油示范项目,项目以当地煤炭为原料，采用水煤浆气化、费托合成等工艺生产柴油68.70万吨/年，石脑油24.41万吨/年，液化石油气8.41万吨/年。建设内容主要包括：（1）主体工程：空分、煤气化、净化、油品合成、尾气制氢、油品加工等生产装置。（2）公用工程：热电站（煤粉锅炉等）、净水厂、循环冷却水系统、化学水站等。（3）储运工程：备煤系统、罐区、仓库等。（4）环保工程：废水处理系统、回用水系统、废气处理设施、火炬系统等。 项目总投资163.22亿元，其中环保投资23.0752亿元，占总投资的14.14%。,163.22亿元,23.0752亿元,14.14%
金沙江上游巴塘水电站,巴塘水电站坝址位于金沙江干流上游，是上游近期实施方案的第 5 个梯级。工程开发任务以发电为主 ， 采用堤坝式开发，电站总装机容量75万千瓦（3×25万千瓦）。巴塘水电站正常蓄水位2545米，死水位2540米，正常蓄水位库容1.28亿立方米，具有日调节性能。工程枢纽主要由挡水建筑物、泄水建筑物、引水发电系统等组成。挡水建筑物为沥青混凝土心墙坝，最大坝高69米。工程永久占地595.87公顷，规划设计水平年搬迁安置565人，生产安置349人。 工程静态总投资106亿元，其中环境保护投资65155.85万元，约占工程总投资的6.15%。 。,106亿元,65155.85万元,6.15%
引绰济辽工程,工程建设内容包括水源工程文得根水库和输水工程，其中水源文得根水库位于内蒙古自治区兴安盟扎赉特旗，受水区为兴安盟和通辽市。开发任务为向沿线城市和工业园区供水，结合灌溉，兼顾发电等综合利用。工程多年平均调水量4.54亿立方米。水源水库正常蓄水位37 7 米，总库容18.88亿立方米，兴利库容15.18亿立方米，具有多年调节性能。水库枢纽由主坝、副坝、溢洪道、引水发电兼灌溉系统、鱼道等组成，主坝为粘土心墙砂砾石坝，最大坝高47.8米。输水工程全长389.5公里，全线采用封闭自流输水方式，主要建筑物由取水口、无压隧洞、压力管道及穿河等组成。取水口设计输水流量18.58立方米/秒。 工程 总投资 232.82 亿元，其中环保投资 88252.85 万元,232.82亿元,88252.85万元,
内蒙古吉煤矿业有限公司霍林河二号（达来胡硕）矿井及选煤厂,"项目位于内蒙古自治区通辽市霍林郭勒市达来胡硕区，属霍林河矿区。井田面积37.74平方公里，设计规模600万吨/年，配套建设同等规模选煤厂，服务年限140.3年。采用斜-立井混合开拓方式，长壁式大采高综采采煤方法，全部陷落法管理顶板。采用重介选煤工艺。设一个矿井工业场地,主要建设主斜井、副斜井、进风立井、回风立井、选煤厂等主体工程以及辅助工程，原煤仓、产品仓等储运工程，供水供热及矿井水处理站等公用及环保工程。工程总投资39.05亿元，其中环保投资3923.6万元，占总投资的1.0%。",39.05亿元,3923.6万元,1.0%
滁河汊河船闸重建工程,工程由汊河节制闸、汊河船闸组成。主体工程由水工建筑、陆域建筑组成。滁河航道规划为Ⅳ级航道，汊河船闸按Ⅳ级船闸设计。 项目总投资38624.9万元，环保投资442.5万元。,38624.9万元,442.5万元,
福建省泉州白濑水利枢纽工程,白濑水库位于福建省泉州市晋江流域西溪上游河段，开发任务为以供水为主，结合防洪，兼顾发电。白濑水库本身不直接供水，通过与东溪山美水库共同调节径流，再由晋江干流金鸡拦河闸供水，多年平均新增供水3.01亿立方米。水库正常蓄水位290.0米，总库容5.75亿立方米，具有多年调节性能。挡水建筑物为碾压混凝土重力坝，最大坝高 107.7 米，总装机容量为57兆瓦。工程生产安置10969人，搬迁安置39013人。 工程总投资128.11亿元，其中环保投资4.32亿元。,128.11亿元,4.32亿元,
湖北碾盘山水利水电枢纽工程,工程涉及湖北省荆门市、襄阳市，开发任务为以发电、航运为主，兼顾灌溉、供水。水库总库容9.02亿立方米，正常蓄水位50.72米，死水位50.32米，调节库容0.83亿立方米，具有日调节性能。工程枢纽建筑物主要有土石坝、泄水闸、电站厂房、连接坝段、鱼道、船闸及右岸连接重力坝。电站总装机容量180兆瓦。航道渠化后提高到Ⅲ级，船闸按1000吨级船队一次过坝4×1000吨标准设计，全长约1606米。右岸设置过鱼设施。工程总设计灌溉面积46万亩；库区左岸规划城市供水取水口，设计取水流量4.12立方米/秒。工程生产安置15054人。 工程总投资61.5亿元，其中环保投资30154万元。,61.5亿元,30154万元,
高海拔宇宙线观测站项目,工程由观测基地和测控基地组成，主要包括观测基地场区的科学实验装置安装工程、附属构筑物工程、工艺用水及循环系统工程、土建及配套设施工程以及测控基地场区测控楼建设。 工程总投资94906万元，其中环保设施投资1503.52万元，占项目总投资的1.58%。,94906万元,1503.52万元,1.58%
浙江石油化工有限公司4000万吨/年炼化一体化项目,项目以 高硫 、 高硫高酸 的沙特、伊朗和巴西原油为原料，建设 4000万吨 /年炼化一体化项目，以对二甲苯、 汽油 、 航煤 产品为主，同时生产 柴油 、苯、 优质乙烯原料 及下游化工产品等。项目主要建设内容包括主体工程（23套炼油装置、17套化工装置）、储运工程（罐区）、公用工程（循环水系统，空压站，火炬系统等）、环保工程（油气回收、事故水池）等。依托工程包括基地围填海工程、基地污水处理厂、基地固体废物处置中心、基地动力中心、原油码头、原油罐区、基地海水淡化工程（为该项目提供工业用水）等11个工程 。 项目总投资1829亿元，其中环保投资93.9亿元，占总投资的5.1%。,1829亿元,93.9亿元,5.1%
新建铁路贵阳至南宁客运专线,项目包括正线和贵阳枢纽、南宁枢纽相关工程。正线起于贵阳市，途经贵州省黔南布依族苗族自治州和广西壮族自治区的河池市，止于南宁市，长度482.132公里。设计为双线电气化客运专线，速度目标值350公里/小时。贵阳枢纽相关工程主要包括新建贵阳枢纽大土联络线10.949公里，改建贵安站及顺接反发线6.752公里，新建贵阳北第二动车运用所及相关动车走行线2.962公里。南宁枢纽相关工程主要包括新建南宁东客车联络线6.627公里，还建南钦上行客车联络线，改移柳南正线2.192公里和钦柳联络线6.786公里，南宁东站咽喉改造以及新建南宁第二动车运用所。全线设车站15座（含既有站改建5个、新建站10个），动车运用所2座，牵引变电所10座。项目正线采用无砟轨道，一次铺设跨区间无缝线路，到发线采用无砟轨道和有砟轨道，联络线及改建线采用有砟轨道铺设跨区间无缝线路。项目总投资约757亿元，其中环保投资约17.59亿元，占总投资的2.35%。,757亿元,17.59亿元,2.35%
中国石化长城能源化工（贵州）有限公司60万吨/年聚烯烃项目,项目以贵州当地无烟煤为原料，采用粉煤气气技术和S-MTO技术生产烯烃，工程建设内容主要包括新建180万吨/年甲醇装置、180万吨/年甲醇制烯烃装置、30万吨/年线性低密度聚乙烯和30万吨/年聚丙烯生产装置，以及相配套公用工程及辅助设施。项目总投资约167.7亿元，其中环保投资17.1亿元，占项目总投资的10.2%。,167.7亿元,17.1亿元,10.2%
广西玉林民用机场,机场场址位于广西玉林市福绵区石和镇，北侧距玉林市直线距离 21 公里。工程为新建国内支线机场，飞行区等级 4C ，设计目标年 2025 年旅客吞吐量为 74 万人次，货邮吞吐量 5000 吨，飞机起降 8132 架次。主要建设内容为新建 1 条长 2600 米跑道， 1 条垂直联络道， 1 个停机坪， 8000 平方米航站楼， 7000 平方米停车场， 1200 平方米货运区。新建 2 座 500 立方米的地面立式储油罐， 1 座汽车加油站，配套建设污水处理站和垃圾转运站等。场外供水、供电、通讯等单独立项建设，不纳入本工程。工程总投资为 165135 万元，其中环保投资约为 2236.32 万元，占工程总投资 1.35% 。,165135万元,2236.32万元,1.35%
山东省湖东滞洪区建设工程,山东省湖东滞洪区建设工程包括防洪工程和安全建设工程，其中，防洪工程包括加固两城四村堤防 1.4 公里，新建解放沟堤防 666 米。安全建设工程包括新建安全台 1 个、安全楼 4 座；新建撤退道路 84.7 公里，改建 118.08 公里；新建桥梁 3 座，重建 41 座，维修 1 座；新建排水涵洞 18 座，重建 109 座，维修 1 座；新修过路涵 185 座。 工程永久占地 6.46 公顷，生产安置人口 67 人。 工程总投资 5.51 亿元 ，其中环保投资 1461.59 万元。,5.51亿元,1461.59万元,
恩县洼滞洪区建设工程,恩县洼滞洪区建设工程内容包括卫运河右堤背水侧草皮护坡 1.409 公里；陈公堤堤坡整修 1.19 公里，堤顶路翻修 22.08 公里，新建箱涵 1 座、重建 1 座，维修加固涵管 9 座，封堵涵闸 4 座；治理三条排灌渠总长 23.947 公里；修建六五河挡洪闸 1 座。加固原县城围堤 8.47 公里；新建六六河左堤东延段 0.5 公里，加固 6.53 公里；修建县城安全区排涝站 1 座；翻修撤退路 163.473 公里；拆除重建桥梁 19 座、维修 2 座；新建涵管 20 座；维修加固涵闸 3 座。新建防汛调度中心、六五河挡洪闸闸管所、安全区排涝站管理所各 1 处。 工程永久占地 97.03 公顷，生产安置人口 95 人。 工程总投资 3.35 亿元，其中环保投资 1126.43 万元。,3.35亿元,1126.43万元,
长江马鞍山河段二期整治工程,工程建设内容主要包括护岸工程和河势控制工程，其中新建护岸工程长 11.5 公里，加固工程长 28.7 公里；小黄洲左汊口门护底工程长 900 米、宽 180 米至 280 米。 工程永久占地 25.53 公顷，不涉及移民安置。 工程总投资 10.2 亿元，其中环境保护投资 2834.1 万元。,10.2亿元,2834.1万元,
榆林神华能源有限责任公司郭家湾煤矿排矸场变更工程,郭家湾矿井及选煤厂工程我部曾以环审〔 2011 〕 108 号文予以批复，建设规模 800 万吨 / 年，配套建设 1000 万吨 / 年选煤厂。本次变更工程主要内容为：排矸场选址变更，井田面积减少 0.792 平方公里，优化选煤厂工艺布置，改进生活污水处理工艺、锅炉烟气脱硫除尘工艺和各产尘点除尘工艺，使脱硫和除尘效率从 65% 、 95% 提高至 80% 、 99.4% 。变更后矿井及选煤厂设计规模、井田地理位置和井田范围不变。排矸场选址由工业场地东侧 700 米荒沟调整为工业场地东侧 1.7 公里蛮赖沟荒沟，占地面积减少 7.45 公顷，服务年限缩短至 3 年，容量相应减少 21.99 万立方米。矸石运距增加 690 米。 变更后，工程静态总投资 30.80 亿元，其中环保投资 7297.4 万元，约占 2.37% 。,30.80亿元,7297.4万元,2.37%
新建赣州至深圳客运专线,项目包括正线和枢纽地区配套工程。正线起自江西省昌赣客专赣州西站（不含），终于深圳枢纽深圳北站（不含），全长436.124公里，按双线电气化客运专线标准建设，设计速度目标值350 公里/小时。枢纽地区配套工程主要包括联络线工程（共长7.286公里）、动车运用所工程和笋岗地区动车走行线。全线新建车站10座、AT牵引变电所9座、隧道147座、桥梁325座。 项目 总投资636.67亿元，其中环保投资16.13亿元，占总投资的2.5%。,636.67亿元,16.13亿元,2.5%
新建北京至唐山城际铁路,项目包括正线和北京、唐山枢纽相关工程。正线起于北京市通州区，途经河北省廊坊市、天津市宝坻区、河北省唐山市，止于唐山站，长度148.74公里。为双线电气化客运专线，北京至香河段设计速度目标值为200公里/小时，香河至唐山段设计速度目标值为350公里/小时。北京枢纽相关工程包括大厂动车运用所及走行线，改建京哈左线。唐山枢纽相关工程包括京唐津秦上、下行联络线，唐山动车运用所及走行线，改建津山左线。全线设车站7座，其中改造既有站2座，新建5座，预留机场南站。新建牵引变电所3座、动车运用所2座。工程北京城市副中心地下站及区间隧道段采用无砟轨道，香河站以西区间地面线正线采用有砟轨道，香河站（不含）至唐山站采用无砟轨道，唐山站及临近唐山站限速范围采用有砟轨道。联络线、动车走行线、改建线采用有砟轨道。工程总投资449.06亿元，其中环保投资 2 . 5 1亿元，占总投资的0.56%。,449.06亿元,2.51亿元,0.56%
新建铁路鲁南快速铁路客运通道菏泽至兰考段,工程位于山东省菏泽市、河南省商丘市、兰考县，项目包括正线和连接线。正线从菏泽至曲阜城际铁路菏泽东站接出，经菏泽市牡丹区、开发区、定陶县、曹县、东明县，河南省兰考县、商丘市民权县，接入兰考南站，线路全长75.757公里，其中山东省境内35.162公里，河南省境内40.595公里。正线按双线电气化客运专线标准建设，设计速度目标值350 公里/小时。联络线总长6.145公里，包括兰考南站下行联络线1.596公里、兰考南站上行联络线4.549公里。全线设车站3座（利用既有车站1座，既有站改建1座、新建站1座），设牵引变电所1座。项目正线采用无砟轨道，联络线采用有砟轨道，一次铺设跨区间无缝线路。项目总投资88.27亿元，其中环保投资约1.25亿元，占总投资的1.42%。,88.27亿元,1.25亿元,1.42%
伊犁新天煤化工有限责任公司20亿立方米/年煤制天然气项目,项目利用当地煤炭资源，采用碎煤加压气化、净化、甲烷化等技术，生产20亿方/年合成天然气及副产品。建设内容主要包括：（1）主体工程：空分、煤气化、变换冷却、低温甲醇洗、甲烷化、硫回收等生产装置。（2）公辅工程：热电站（高压煤粉锅炉等）、给水系统、储运系统（煤库、罐区、综合仓库等）、火炬等。（3）环保工程：废水处理系统、回用水处理系统、废气处理设施等。 项目总投资155亿元，其中环保投资27.971亿元，占总投资的18.0%。,155亿元,27.971亿元,18.0%
吉林丰满水电站全面治理（重建）工程变更,丰满水电站大坝全面治理（重建）工程在原坝轴线下游120米处进行重建 ， 总装机容量扩至 148万千瓦， 开发方式、开发任务 、 调节性能等基本不变 。本次变更，结合水温专项研究工作，将 叠梁门分层取水 变更为 常规电站进水口取水方案，同时将老坝拆除坝段高程由237.5米调整到240.0米 ； 将丰满水电站鱼类增殖站 由 丰满大坝左岸下游 650米处调整至其反调节水库永庆水库大坝左岸，原永庆水库鱼道由永庆大坝右岸调整至左岸 ，由竖缝式鱼道变更为永庆反调节水库左岸3孔生态泄水闸 和 仿生态鱼道方案。 变更后 ， 工程静态总投资 72.39 亿元，其中环保投资 75824.59万元，约占10.47 % 。,72.39亿元,75824.59万元,10.47%
漳卫南运河四女寺枢纽北进洪闸除险加固工程,工程位于漳卫河流域，建设任务主要为对北进洪闸按原功能、原标准进行除险加固。主要建设内容包括水闸拆建和加固、下游河道清淤和管理区部分设施拆除重建。 工程总投资 10496 万元，其中环保投资 469.1 万元。,10496万元,469.1万元,
西北区域人工影响天气能力建设项目,建设内容包括飞机作业能力建设、飞机作业保障能力建设、地面作业能力建设、人影作业指挥系统建设、试验示范基地建设等；拆除甘肃省飞机人工增雨基地原有业务用房 并 原址新建；在甘肃张掖和新疆乌鲁木齐分别建设祁连山地形云人工增雨（雪）试验示范基地和天山地形云人工增雨（雪）试验示范基地。 工程总投资11 . 84 亿 元，其中环保设施投资176万元 。,11.84亿元,176万元,
鄂尔多斯-安平-沧州输气管道工程,工程包括1条干线（陕西神木-河北沧州）、5条支干线和2条上输支线，线路全长2293公里，设计输气量300亿立方米/年。全线设工艺场站25座、截断阀室84座；穿越大中型河流63处、铁路40处、高等级公路95处，设山体隧道10处；新改扩建伴行路257.8公里、施工便道264.2公里。 项目总投资351.59亿元，环保投资8.88亿元，占总投资的2.53%。,351.59亿元,8.88亿元,2.53%
新建黑龙江绥芬河民用机场工程,场址位于黑龙江省牡丹江市下辖东宁市绥阳镇红旗村。工程为新建国内支线机场，飞行区等级4C，设计目标年2025年旅客吞吐量45万人次，货邮吞吐量3600吨，飞机起降4800架次。工程主要建设内容包括飞行区工程、航站区工程及相关配套工程。新建1座300立方米的事故池。新建1座处理能力为50立方米/日的污水处理站及4500立方米的储水池。新建1座锅炉房，内设2台1.4兆瓦的燃油热水锅炉，配套建设2座32立方米的埋地式柴油储罐。新建1座60平方米的垃圾转运站。场外配套进场道路、供电、供水、通信工程等不纳入本工程，由地方政府负责建设。工程永久占地类型主要为旱地和林地，不占用基本农田和生态公益林，设置临时占地。工程总投资11.1513亿元，其中环保投资2320万元，约占工程总投资的比例为2.08%。,11.1513亿元,2320万元,2.08%
神华宁煤400万吨/年煤炭间接液化示范项目环评变更暨煤泥综合利用项目,项目建设地点仍位于宁夏回族自治区宁东能源化工基地，工程规模、工艺流程、主体工程、环保工程、平面布置等均发生变化。（1）油品合成加工规模由 385 万吨/年增至 405 万吨/年，新增甲醇100万吨/年。（2）总体工艺变更为GSP炉+宁煤炉粉煤加压气化、中科合成油费托合成技术。（3）主体工程：气化装置由18台增至28台。（4）环保工程：废气及废水治理措施均加强；建设危废填埋场和干盐池，锅炉灰渣、气化炉渣等依托园区1号渣场进行填埋处置。（5）依托工程包括宁东供水工程、园区1号渣场及厂外雨水排水工程。（6）主厂区平面布置进行了调整，建设中厂外蒸发塘（晒盐场）、缓冲水池选址发生变更。 项目变更后，项目总投资由559.98亿元增至593.11亿元，环保投资由26.7亿元增加至68.94亿元，占总投资的比例由4.78%增至 11.62% 。,593.11亿元,68.94亿元,11.62%
四川省脚木足河巴拉水电站,电站坝址位于四川省阿坝州马尔康市日部乡色江吊桥下游约 2.2 公里处。工程开发任务为发电，采用混合式开发，电站总装机容量 74.3 万千瓦（其中主电站 3 台 ×24 万千瓦，生态电站 1 台 ×2.3 万千瓦）。水库正常蓄水位 2920 米，正常蓄水位库容 1.277 亿立方米，调节库容 650 万立方米，具有日调节性能。工程枢纽建筑物主要包括挡水坝、泄洪建筑物、引水隧洞及发电系统等。挡水坝为混凝土面板堆石坝，最大坝高 138 米。工程永久占地 433.89 公顷，规划设计水平年搬迁安置 112 人，生产安置 29 人。 工程总投资69.84亿元，其中环保投资66533.08万元。,69.84亿元,66533.08万元,
宁波 - 舟山港穿山港区中宅矿石码头（二期）工程,工程位于浙江省宁波市北仑区穿山半岛北侧，新建泊位在穿山港区中宅煤炭码头工程东西两侧顺接，工程东侧紧邻中海浙江宁波液化天然气有限公司 LNG 码头。主要建设内容为新建 1 个 30 万吨级散货卸船泊位（水工结构按靠泊 40 万吨设计）、 1 个 5 万吨级散货装船泊位、 1 个 3.5 万吨级散货装船泊位，码头岸线总长 813 米。对一期卸船码头西端 160 米范围进行加固。设计铁矿石吞吐量为 2000 万吨 / 年。工程用海总面积 63.22 公顷，用海方式为透水构筑物用海和港池用海。陆域总面积 34.88 公顷，其中花船片区 14.44 公顷，上宅片区 20.44 公顷。 工程总投资 16 亿元，其中环保投资 6352 万元。,16亿元,6352万元,
黄河粗泥沙集中来源区拦沙工程一期项目,工程位于黄河北干流，建设任务主要为拦截中游入黄泥沙，减少黄河下游淤积。工程建设内容主要为在173条小流域中建设3306座中小型拦沙坝。其中，库容50～100万立方米的中型拦沙坝638座，库容小于50万立方米的小型拦沙坝2668座。拦沙坝主要由土坝、溢洪道和泄水洞组成，均为碾压式均质土坝。 工程总投资45.2亿元，其中环保投资7952万元。,45.2亿元,7952万元,
吉林西部供水工程,工程位于吉林省西部，涉及白城、松原及长春地区。工程任务为主要利用现有工程从松花江、嫩江等取水，多年平均总引水量为5.45亿立方米，向吉林省西部地区的重要湖泡、湿地供水，恢复和改善区域生态环境。工程新建渠道107.4公里，改扩建渠道573.8公里；新建管线25公里；新建方涵1.6公里；塌岸治理16.7公里，围堤加固5.4公里；泵站10座；新建水闸108座，重建水闸7座；新建倒虹吸2座；拆除重建渡槽3座；重建公路桥2座，新建农道桥48座，重建农道桥59座；新建路（渠）下涵40座；重建路（渠）下涵30座。 工程总投资35.3亿元，其中环保投资9446.3万元。,35.3亿元,9446.3万元,
天津液化天然气（LNG）项目输气干线工程变更,本项目接收气源为澳大利亚液化天然气，包括码头及陆域形成工程、接收站工程和输气管道工程三部分，其中输气管道工程全长634公里，途径天津市、河北省和山东省。2014年4月，我部以环审〔2014〕81号文批复了该项目环境影响报告书。 此次工程发生以下重大变动：北大港湿地自然保护区段路由向北摆动，穿越实验区长度由18.5公里减少至17.7公里；簸箕李引黄干渠穿越位置向南调整约2.3公里；黄河阀室-桓台末站段路由整体向西摆动，长度由35.2公里减少至31.6公里，末站由桓台改为邹平，沿线涉及的环境敏感目标减少，南水北调东线穿越位置向西调整14.6公里，穿越长度由580米减少至443米；乙烯支线接收站-南港分输清管站段管径由711毫米增大到813毫米。,,,
陕京四线输气管道工程变更,包括一条干线四条支干线，全长1274.5公里，干线起自陕西省靖边首站，止于北京市高丽营末站，设计输气量250亿立方米。2014年4月，我部以环审〔2014〕82号批复该项目环境影响报告书。 本工程变更内容：9段路由发生变化，共涉及管道411. 4公里；7处河流穿跨越位置变更，新增1处山体隧道，7座场站位置变更，减少2座阀室，取消榆林联络线；全线场站取消加热炉、采暖锅炉和放空管点火装置。工程变更后共包括1条干线和3条支线，线路全长1238.8公里，较原环评阶段减少35.7公里，沿线设14座工艺站场和53座截断阀室，共设4座山体隧道。 重大变动路段：干线靖边首站-乌审旗段在靖边四柏树水源地保护区内路由调整，榆林压气站位置调整，变更为红墩界压气站；官厅水库保护区段在官厅水库水源地保护区三级区内5处路由调整；延庆分输站在延庆区城市自来水地下水源地二级保护区内位置调整；怀柔区九渡河镇段在怀柔水库水源地保护区内路由调整；怀柔区桥梓镇段新增一处山体隧道；鄂尔多斯压气站、乌兰察布压气站、托克托压气站位置调整。,,,
云南省曲靖市车马碧水库工程,车马碧水库位于云南省曲靖市牛栏江支流马龙河下游。工程开发任务为工业供水和农业灌溉供水，并为改善受水区河道内水环境创造条件。工程多年平均供水量7103万立方米。工程包括水库枢纽工程和输水隧洞工程。水库正常蓄水位1938.5米，死水位1915.3米，总库容1.24亿立方米，具有多年调节性能。挡水建筑物为混凝土面板堆石坝，最大坝高52米。输水隧洞总长29.6公里，设计引水流量5.8 立方米/秒。 工程总投资 21.2亿元 ，其中环保投资21378.5万元。,21.2亿元,21378.5万元,
新疆大石峡水利枢纽工程,工程坝址位于新疆阿克苏地区阿克苏河支流库玛拉克河大石峡峡口处。开发任务为在保证阿克苏河向塔里木河干流生态供水目标的前提下，以灌溉为主、结合防洪、兼顾发电等综合利用。水库正常蓄水位1700米，死水位1590米，总库容11.74亿立方米， 调节库容 10.22 亿 立方米，具有不完全年调节性能。挡水建筑物采用混凝土面板砂砾石坝，最大坝高247米；电站装机750兆瓦。 工程 总投资90.8亿元，其中环保投资20378.3万元。,90.8亿元,20378.3万元,
北京按摩医院扩建项目,拟建院区位于朝阳区广渠路， 主要开展推拿、按摩、针灸等医疗活动。 主要建设南楼、北楼及连接南北两栋楼的门诊大厅，使用功能为门诊医技用房、病房、门诊急诊大厅、医院办公及附属设备用 。 工程总投资约3.83亿元，其中环保投资521万元 。,3.83亿元,521万元,
苏州港太仓港区四期工程,项目位于苏州市下辖太仓市浮桥镇。新建 4 个 5 万吨级集装箱专用码头。泊位总长度 1292m ，年设计总运量为 200 万标准箱。本工程不进行危险品箱装运和堆存作业。 工程总投资为 33 . 79 亿元，其中环保投资为 2669.37 万元。,33.79亿元,2669.37万元,
长江中游宜昌至昌门溪河段航道整治二期工程,项目位于葛洲坝下游约40公里，本次航道整治目标是稳定宜都河段滩槽形态，遏制关键洲滩汊道的进一步冲刷、维持河段自身关键节点的水位控制作用。工程建设标准为航道等级Ⅰ级，航道尺度3.5米×150米×1000米，水深保证率98%。工程整治内容包括中沙咀边滩守护工程、南阳碛护滩工程等。 工程总投资估算2.74亿元，其中环保投资2006.3万元。,2.74亿元,2006.3万元,98%
中仪征 - 长岭原油管道复线工程仪征至九江段 ( 工程变更 ),本工程线路全长 560 公里，包括 1 条干线和 2 条支线。 2012 年 7 月，环境保护部以环审〔 2012 〕 210 号文批复环境影响报告书。 工程在南京市 3 处路由发生变化，变动段总长 6.5 公里。城市生态公益林段向南摆动，穿越长度 3700 米，新增 2# 阀室；马汊河洪水调蓄区穿越位置向西摆动 400 米；滁河重要湿地段向西摆动，穿越长度 500 米，穿越方式由定向钻改为定向钻 + 大开挖；穿越复兴圩重要湿地，穿越长度 2170 米，采用三次定向钻穿越方式。,,,
湖南省蓝山县毛俊水库工程,工程坝址位于湖南省永州市蓝山县湘江流域舂陵水支流俊水干流下游。开发任务以灌溉为主、结合供水、兼顾发电等综合利用。工程包括枢纽和灌区工程。水库正常蓄水位342.5米，死水位307米，总库容1.165亿立方米，具有年调节性能。灌区工程主要包括渠首电站、总干渠、左、右干渠、支渠和输水建筑物。水库电站装机1.1万千瓦，渠首电站装机0.5万千瓦。 工程 总投资279666万元，其中环保投资10359.33万元。,279666万元,10359.33万元,
北京华信医院改扩建工程（二期综合楼）,本次改扩建工程主要在医院内拆除现有旧病房楼A区、B区、营养食堂楼、办公楼及洗衣房、车库、等后勤保障用房，新建内科病房楼、医技教学楼、医疗后勤楼、连廊和液氧站，建筑面积74336平方米。二期工程共设420张床位，代替现有420张床位，本工程建成后医院维持病床数760张。 工程总投资4.81亿元，环境保护投资约1128万元。,4.81亿元,1128万元,
中内蒙古伊泰煤炭股份有限公司塔拉壕矿井变更,2009 年，我部以环审〔 2009 〕 404 号批复该项目环境影响报告书。根据《鄂尔多斯市城市总体规划（ 2010-2030 ）》，工程内容调整：首采区由一盘区调整为一盘区和二盘区，首采工作面由 1 个增加到 2 个；工业场地、风井场地和临时排矸场位置进行了调整；增加了炸药库场地；锅炉由 3 台 8 吨 / 小时调整为 4 台 10 吨 / 小时，并对烟气处理措施进行优化；矿井水和生活污水处理站规模增大并调整工艺等。工程变更后，井田面积为 42.62 平方公里，开采面积为 29.16 平方公里，设计可采储量 5.5 亿吨，生产能力为 600 万吨 / 年，服务年限为 70.7 年。本工程采用斜 - 立井综合开拓方式、综采采煤工艺，配套建设同等规模的选煤厂，采用重介浅槽洗选工艺。 工程总投资 25.37 亿元，其中环保投资 3607.02 万元，占总投资的 1.42% 。,25.37亿元,3607.02万元,1.42%
宁波-舟山港 外钓30万吨级油品公共码头项目,工程建设1座30万吨级原油码头，设计吞吐量为1300万吨/年，其中原油1000万吨/年、燃料油300万吨/年，配套建设辅助建筑物、自动控制和通信等设施。码头总长440米，呈蝶形布置，包括主副靠船墩4座、系缆墩6座、工作平台1座。码头与后方陆地通过长206.49米、宽10米引桥连接。油轮原油经码头装卸臂、码头及引桥上两条输油管道输至罐区，码头及管道总接卸流量15000立方米/小时。码头工作平台、系缆墩、靠船墩均采用高桩墩式结构，引桥采用高板梁结构，桩基占海面积354平方米。 工程总投资3.6477亿元，其中环保投资6393.64万元，占总投资的17.53%。,3.6477亿元,6393.64万元,17.53%
安徽省 定远县江巷水库工程,工程 开发任务以供水和灌溉为主，兼顾防洪等综合利用。工程利用驷马山引江灌溉工程多年平均引江入库水量2.25亿立方米，向城镇生活和工业、农业灌溉供水2.41亿立方米。水库正常蓄水位43.0米，死水位41.0米，汛期限制水位42.4米，总库容1.30亿立方米，防洪库容0.30亿立方米，具有不完全年调节能力。工程主要建设内容包括拦河坝、溢洪道、灌溉 引水 建筑物等组成。 工程总投资33.73亿元，其中环保投资18500万元，约占5.5 % 。,33.73亿元,18500万元,5.5%
湟水北干渠扶贫灌溉二期工程,建设任务为农林灌溉，灌溉面积40万亩。工程由一分干渠、三分干渠、18条支渠、7条干斗、松多水库及田间工程组成。渠道总长314公里，改扩建14.63公里，其中隧洞65座，倒虹吸22座，渡槽94座，其他各类建筑物898座；松多水库总库容789.5万立方米，正常蓄水位2763米，对应库容778.6万立方米，调节库容544.7万立方米，主要建筑物由拦河坝、溢洪道、放水洞、引水隧洞、导流洞等组成。拦河坝为壤土心墙堆石坝，最大坝高69.7米，具有年调节性能。工程 生产安置人口 1306 人，搬迁 安置 人口 186 人 。 工程总投资 33.8 亿元，其中环保投资 3.9 亿元，约占总投资的 11 . 5% 。,33.8亿元,3.9亿元,11.5%
青海省引大济湟西干渠工程,建设任务为农林灌溉、工业供水，灌溉面积30.1万亩。干渠全长123.3公里，其中，暗涵长15.1公里，隧洞64座长74.5公里，渡槽52座长12.61公里，倒虹吸8座长16.1公里。工程 生产安置人口 2479 人，搬迁 安置 人口 1048 人 。 工程总投资46.6亿元，其中环保投资40000万元，约占总投资的8 . 6%。,46.6亿元,40000万元,8.6%
云南省昆明市柴石滩水库灌区工程,开发任务为对柴石滩水库灌区进行配套建设，有效发挥水库的灌溉、供水作用，并为保护高原湖泊阳宗海生态环境创造条件。工程设计灌溉面积37.8万亩，其中替代宜良县阳宗海灌溉面积5.6万亩。柴石滩水库设计多年平均供水量1.8亿立方米，其中农业灌溉供水1.4亿立方米、工业供水0.3亿立方米。工程建设内容主要包括农业灌溉取水口、干支渠骨干工程和田间配套工程。其中，灌区新建取水口2座，1座为取水塔，设置叠梁门；1座缆车式取水泵站。干支渠骨干工程新建、改建干支渠（管）总长约211.2公里，渡槽、隧洞等各类渠系建筑物共1223 座。 工程总投资约30.7亿元，其中环保投资32656万元，约占10.6%。,30.7亿元,32656万元,10.6%
国家地震烈度速报与预警工程,主要建设内容包括新建和改造5060个地震观测台站（其中新建2872个，改造2188个），建设通信网络、数据处理、紧急地震信息服务和技术支撑与保障四大系统（升级改造国家地震烈度速报与预警中心和31个分中心）。 工程总投资约18.96亿元，其中环保投资 800.0 万元，约占0.42%。,18.96亿元,800.0万元,0.42%
滇中引水工程,该工程开发任务以城镇生活与工业供水为主，兼顾农业和生态用水。 工程从丽江石鼓镇上游右岸无坝引水， 2040年引江水量34.03亿立方米。输水线路总661.06公里。受水区包括云南省丽江市、大理州、楚雄州、昆明市、玉溪市和红河州共6州（市） 35 个县（区）。工程主要建设内容包括 水源工程 、 输水工程 及 昆明市 3个 调蓄工程为主体工程。 水源工程包括新建引水渠、进水隧洞、进水箱涵和地下泵站；输水工程包括新建隧洞 63座 607.40公里、渡槽 18座 4.72公里，倒虹吸 19座 37.22公里，暗涵 26座 10.86公里，分水口门25座、节制闸27座、退水闸21座、事故闸22座、检修闸37座、 渠道消能电站2座 ；昆明市3个 调蓄工程新建安宁青龙湖调节池、富民黄坡调节池、松华坝提水工程 。 工程总投资 908.76 亿元，其中环保投资39.67亿元，约占4.37%。,908.76亿元,39.67亿元,4.37%
引绰济辽工程,该工程开发任务为向沿线城市和工业园区供水，结合灌溉，兼顾发电等综合利用。 工程从绰尔河调水，多年平均调水量5.3亿立方米。输水线路总389.52公里。受水区包括内蒙古自治区兴安盟和通辽市9个旗、县、区。工程主要建设内容包括 水源工程 文得根水库和 输水工程。 文得根水库由主坝、副坝、溢洪道、引水发电兼灌溉系统、鱼道等组成；输水工程全线采用封闭自流输水方式，主要建筑物由取水口、无压隧洞、压力管道及穿河等组成。 工程总投资237.48亿元，其中环保投资72480.05万元，约占3.05%。,237.48亿元,72480.05万元,3.05%
广西左江治旱工程驮英水库及灌区工程,驮英水库位于广西壮族自治区崇左市宁明县，工程的任务以灌溉、供水为主，兼顾发电等综合利用。工程由水库和灌区工程组成，水库正常蓄水位 226.5 米，对应库容 1.652 亿立方米，死水位 195 米，调节库容 1.512 亿立方米，具有年调节性能。主要建筑物由拦河坝、溢洪道、泄洪隧洞、河道发电引水系统、灌溉发电引水系统等组成。拦河坝为沥青混凝土心墙堆石坝，最大坝高 72.4 米，河道电站装机容量 13 兆瓦（ 2 × 6000 千瓦 +1 × 1000 千瓦）。灌溉发电引水系统布置在大坝左岸，引水隧洞长 1234 米，设计引水流量 25.4 立方米 / 秒，渠道电站装机容量 7.6 兆瓦（ 2 × 3800 千瓦）。 灌区工程由干、支渠组成，渠道总长 749.07 公里。工程总投资 67.08 亿元，其中环保投资 1.99 万元，约占总投资的 2.97% 。,67.08亿元,1.99万元,2.97%
福建省罗源霍口水库工程,工程位于福建省福州市罗源县。开发任务为以城镇供水为主，兼顾防洪、发电等综合利用。水库总库容2.97亿立方米，正常蓄水位190.0米，相应库容2.71亿立方米，死水位150米，调节库容2.25亿立方米，为年调节水库。工程枢纽建筑物主要由挡水建筑物、泄水建筑物、引水发电系统、过鱼设施等组成。挡水建筑物主坝采用碾压混凝土重力坝，最大坝高91米。电站总装机6万千瓦。 工程总投资21.89亿元，其中环保投资1.66亿元。,21.89亿元,1.66亿元,
福建省平潭及闽江口水资源配置（一闸三线）工程,工程共涉及福州市下辖2市3区（县）以及平潭综合试验区，开发任务为向平潭综合实验区和闽江口南岸重要城市、工业园区供水。总引水流量32立方米/秒，引水量8.7亿立方米。工程主要建筑物包括：莒口拦河闸工程，最大坝高26.7米；引、输水线路全长约178.1公里，其中隧洞124.6公里、管道53.4公里。 工程总投资65.35亿元，其中环保投资1.1亿元。,65.35亿元,1.1亿元,
卫河干流（淇门～徐万仓）治理工程,工程治理范围为卫河干流淇门至徐万仓段，治理河道长度为 183 公里；共产主义渠淇门至老观嘴段，治理段长度为 44.2 公里。建设任务为通过河道清淤疏挖、加固堤防、整治险工险段和加固穿堤建筑物等，使相应河段达到防洪与排涝标准。主要建设内容包括：河道清淤总长 62.84 公里，加高堤防 96.11 公里，培厚堤防 23.65 公里，加固堤防 15.33 公里，新筑堤防 0.78 公里；修筑马头村围村埝 2.73 公里；治理险工 17.8 公里；新建水闸（堰） 10 座，治理穿堤涵闸（洞） 453 座，修建桥梁 7 座，新建维修道路 258.3 公里；布设泥结石上堤坡道 18.5 公里。 工程总投资约 11.18 亿元，其中环保投资 1668.73 万元，约占总投资的 1.49% 。,11.18亿元,1668.73万元,1.49%
中电投与道达尔合资年产80万吨煤制聚烯烃项目,项目利用当地煤炭资源，采用粉煤加压气化、甲醇合成、甲醇制烯烃、烯烃聚合等技术，生产80万吨/年聚乙烯、聚丙烯等产品。建设内容主要包括：（1）主体工程：包括空分装置、煤气化装置、甲醇合成装置、甲醇制烯烃装置、聚乙烯装置、聚丙烯装置、硫回收装置等14套生产装置。（2）公辅工程：热电站（整体煤气化联合循环工艺）、给水系统、储运系统（煤库、产品罐区、料仓）等。（3）环保工程：废水处理系统、回用水系统、废气处理设施、火炬等。 项目 总投资238.57亿元，环保投资9.6亿元，占总投资的4.02%。,238.57亿元,9.6亿元,4.02%
内蒙古伊泰煤制油有限责任公司200万吨/年煤炭间接液化示范项目,项目拟利用当地煤炭资源生产煤制油200万吨/年，建设内容包括：（1） 主体工程：空分装置、气化装置、净化装置、油品合成装置、油品加工和尾气处置等生产装置。 （2）公辅工程：供热锅炉（ 设余热发电装置），循环水、除盐水及给水系统， 储运系统。（3）环保工程：污水处理装置、回用水处理装置、浓盐水处理系统、蒸发结晶装置、火炬系统、事故水池等。（4）依托工程：柳林滩供水工程、园区渣场、危废处置中心。 项目总投资293.42亿元，环保投资为296364万元，占总投资的 1 0 . 1 % 。,293.42亿元,296364万元,10.1%
内蒙古扎鲁特～山东青州±800千伏特高压直流输电工程,（一）新建±800千伏扎鲁特送端换流站，站址位于内蒙古自治区通辽市。本期建设换流变压器28台（4台备用），站用变2台，高压电抗器3组，低压电抗器4组，调相机2台，容性无功补偿6665兆乏，±800千伏直流出线1回，接地极出线1回，500千伏交流出线12回。接地极位于内蒙古自治区通辽市，接地极线路电压等级为35千伏，线路全长约46公里。 （二）新建±800千伏青州受端换流站，站址位于山东省潍坊市。本期建设换流变压器28台（4台备用），站用变2台，低压电抗器3组，1000千伏容性无功补偿3270兆乏，500千伏容性无功补偿3270兆乏，±800千伏直流出线1回，接地极出线1回，1000千伏交流出线2回，500千伏交流出线6回。接地极位于山东省淄博市，接地极线路电压等级为35千伏，线路全长约143公里。 （三）新建内蒙古扎鲁特至山东青州±800千伏直流输电线路。线路全长约1234公里，途经内蒙古、河北、天津、山东等4省（区、市）。,,,
藏中和昌都电网联网工程,（一）新建500千伏芒康变电站，站址位于西藏自治区昌都市。本期建设主变压器2组，高压电抗器1组，低压电抗器4组，无功补偿装置2组，500千伏出线6回，110千伏出线3回。 （二）新建500千伏波密变电站，站址位于西藏自治区林芝市。本期建设500千伏主变压器2组，220千伏主变压器1组，高压电抗器4组，低压电抗器6组，无功补偿装置3组，500千伏出线4回，110千伏出线2回。 （三）新建500千伏左贡开关站，站址位于西藏自治区昌都市。本期建设高压电抗器3组，500千伏出线4回。 （四）扩建500千伏昌都变电站，站址位于西藏自治区昌都市。本期建设主变压器2组，低压电抗器4组，500千伏出线2回。 （五）扩建500千伏巴塘变电站，站址位于四川省甘孜藏族自治州。本期建设主变压器2组，低压电抗器2组， 500千伏出线4回。 （六）扩建500千伏乡城变电站，站址位于四川省甘孜藏族自治州。本期建设低压电抗器2组，500千伏出线2回。 （七） 扩建110千伏嘎托变电站，站址位于西藏自治区昌都市。本期建设110千伏出线1回。 （八）新建500千伏芒康至左贡至波密至林芝双回输电线路，线路路径全长约674公里，途经西藏自治区昌都市、林芝市。 （九） 新建500千伏巴塘至昌都输电线路π接入芒康变电站，线路路径全长约24公里，位于西藏自治区昌都市。 （十）新建500千伏乡城至巴塘升压改造双回输电线路，线路路径全长约2公里，位于四川省甘孜藏族自治州。 （十一）新建110千伏芒康至嘎托输电线路，线路路径全长约8.4公里，位于西藏自治区昌都市。 （十二）新建110千伏嘎托至邦达输电线路π接入芒康变电站，线路路径全长约2.5公里，位于西藏自治区昌都市。,,,
引江济淮工程,该工程开发任务以城乡供水、发展江淮航运为主，结合农业灌溉补水，兼顾改善巢湖及淮河水生态环境等综合利用。工程从长江下游干流太子矶和铜陵河段双线引水，到 2030 年和 2040 年，多年平均引江水量分别达 33.03 亿和 43 亿立方米。输水线路分为引江济巢、江淮沟通和江水北送三段，总长 1049 公里 ，其中引江济巢段和江淮沟通段分别按Ⅲ级、Ⅱ级航道标准发展航运。受水区包括安徽、河南两省 15 个市 55 个县（区）。工程主要建设内容包括：新、改建枢纽 8 个，新建梯级泵站 14 座，疏浚扩挖河道 200 公里 ，新开明渠 115 公里 ，布设压力管道 100 公里 ；新、改建跨河桥梁 124 座，新建 3 个跨河倒虹吸及 1 个总干渡槽；加固圩堤 206.15 公里 ，开挖排灌沟渠 9.01 公里 等；建设 1 个水上服务区和 5 个锚地；在长河、派河、东淝河、济河、利辛县、凤台县、黄陂湖实施 7 项截污导流工程；其他建筑物工程 713 座（处）等。 工程总投资 872.93 亿元，其中环保投资 400300 万元，约占 4.59% 。,872.93亿元,400300万元,4.59%
新建神瓦铁路神木北（红柳林）至冯家川段,工程线路起自神延线红柳林站，止于在建的兴保铁路冯家川站，途经陕西省榆林市神木县、府谷县，山西省忻州市保德县。工程为国铁Ⅰ级电气化铁路，设计速度目标值为 120 公里 / 小时，单线、无缝线路、自动闭塞、牵引质量 10000 吨，到发线有效长度 1700 米 。工程运输货种为煤炭，线路全长 84.84 公里 ，其中正线 79.84 公里 ，红柠联络线 2.16 公里 ，田家寨环形装车线 2.84 公里 。全线设 7 座车站和 2 处线路所，红柳林站和田家寨站设有煤炭储装运系统。新建田家寨 1 座牵引变电所，增容改造红柳林、冯家川 2 座牵引变电所。工程总投资 87.70 亿元，其中环保措施投资为 2.86 亿元，占总投资的 3.26% 。,87.70亿元,2.86亿元,3.26%
中国石油云南 1000 万吨 / 年炼油项目优化调整（中国石油 - 沙特阿美合资云南 1300 万吨 / 年炼油项目）,项目调整后，主要变更如下： （ 1 ）原油加工规模由 1000 万吨 / 年增至 1300 万吨 / 年。（ 2 ）总体加工工艺路线在原“常减压蒸馏―蜡油加氢裂化―渣油加氢脱硫―重油催化裂化”全加氢工艺的基础上增加了延迟焦化。（ 3 ）项目主体工程仍为 15 套装置，其中渣油加氢脱硫和催化裂化 2 套装置规模不变，新增 1 × 120 万吨 / 年延迟焦化装置、取消 1 × 15 万吨 / 年聚丙烯装置（改由云天化建设），其余常减压、航煤加氢、异构化、硫磺回收等 12 套装置规模增加。（ 4 ） 储罐区储罐由 118 座增至 153 座，总罐容由 179.37 万立方米增至 229.96 万立方米。 （ 5 ）平面布置进行了调整，车用油品质量由欧 IV 升至国 V 。 项目调整后，总投资由 265.7 亿元增至 274.6 亿元，环保投资由 14.38 亿元增至 20.18 亿元，占总投资的比例由 5.4% 增至 7.3% 。,274.6亿元,20.18亿元,7.3%
淮南～南京～上海1000千伏交流输变电工程补充环境影响报告书,新建北岸引接站、南岸引接站，新建过江隧道管廊约5.7公里，管廊内敷设1000千伏气体绝缘金属封闭输电线路。,,,
云南省曲靖市阿岗水库工程,工程位于云南省曲靖市罗平县九龙河干流，开发任务为以城乡生活供水、工业供水、农业灌溉为主，兼顾改善九龙瀑布景观用水条件、发电等综合利用。工程主要包括阿岗水库、白腊山干渠改扩建工程和笔墨小河周边煤矿中水截流治理外排工程。由挡水建筑物、泄水建筑物、引水发电系统等组成。水库正常蓄水位1866.0米，相应库容1.07亿立方米，死水位1838.2米，总库容1.29亿立方米，为不完全年调节性能。挡水建筑物采用粘土心墙堆石坝，最大坝高61米，坝后式电站总装机1.05万千瓦。 工程总投资24.9亿元，其中环保投资 9504. 9万元。,24.9亿元,9504.9万元,
新建太原至焦作城际铁路,工程起于既有太原南站，向南途经山西省太原市、晋中市、长治市、晋城市和河南省焦作市，止于既有焦作站。建设内容包括新建正线长362.095公里，其中山西省境内328.178公里、河南省境内33.917公里；太原南站至新鸣李站完全利用既有线，在新鸣李站出站端改建石太线长4.582公里。按客运专线，双线建设，设计行车速度250公里/小时。全线设13座车站，其中新建10座，改建2座，利用既有1座（太原南站）。改建既有太原南动车运用所（新建1座4线检查库）；新建7座牵引变电所。正线采用有砟轨道，长度超过1公里隧道及隧道群地段采用双块式无砟轨道。,,,
东太湖综合整治后续工程,工程位于太湖南部东山半岛东侧的狭长型湖湾，工程任务为完善流域防洪体系，提高流域防洪能力；加强河湖水系联通，促进河湖水体有序流动。主要建设内容包括：环湖大堤达标加固工程、行洪通道贯通工程、入湖河道综合整治工程等三项。 工程总投资 约14.57亿元 ， 其中 环保投资6064.4万元。,14.57亿元,6064.4万元,
荆江 分洪区近期项目建设,工程位于长江中游右岸 湖北省 荆州市 公安县境内， 主要建设任务是 进一步建设 分洪区工程 ，保证分洪区启用时人员的安全转移。 工程主要建设内容包括 分 、 吐洪口门 工程、 安全建设工程 和 其它设施 。 工程总投资为 5 2633万 元 ， 其中环保投资 1505 万元 。,52633万元,1505万元,
内蒙古北控京泰能源发展有限公司 40 亿立方米 / 年煤制天然气项目,项目利用当地煤炭资源，采用碎煤加压气化和粉煤加压气化技术，生产 40 亿标准立方米 / 年合成天然气。建设内容主要包括：（ 1 ）主体工程：固定床碎煤加压气化生产线 1 条，包括碎煤气化、酚氨回收、变换、低温甲醇洗、甲烷化等装置；气流床粉煤加压气化生产线 3 条，包括粉煤气化、变换、低温甲醇洗、甲烷化等装置；空分、备煤、硫回收装置等。（ 2 ）公辅工程：锅炉房、储运系统、煤料场和煤库、脱盐水站等。（ 3 ）环保工程：污水处理、回用水处理、浓盐水处理、蒸发结晶装置，火炬系统、危废暂存场等。 项目 总投资 283.66 亿元，环保投资 33.81 亿元，占总投资的 11.92% 。,283.66亿元,33.81亿元,11.92%
福建福清核电厂 3 、 4 号机组环境影响报告书（运行阶段）,厂址位于福建省福清市三山镇。 厂址北北西距省会福州市 71km ，北距长乐市 58km ，距福清市 32km ，西距莆田市 43km （均为直线距离）。 福建福 清核电厂 3 、 4 号机组为扩建机组，采用 M310 加改进型核电机组。 福建福清核电厂 3 、 4 号机组环保总投资约为 45871 万元，环保投资占项目总投资的比例约为 1.9% 。电站投入商业运行时，将按照《国家核电发展专题规划（ 2005-2020 ）》规定，设立核电站退役专项基金账户，并从电厂投运后第一年开始逐年提取，以备日后福清核电厂机组的退役所用。,45871万元,,1.9%
中国石化管道储运有限公司日照至仪征原油管道增输改造工程,现有日照―仪征原油管道及配套工程管道全长 378.9 公里 ，设计压力 8.5 兆帕，实际输送压力 6.0 兆帕，设计输量 2000 万吨 / 年，全线设五座场站。拟建工程在现有工程基础上进行增输改造，在场站预留区域内新增输油设备和配套设施，改造后管道采用常温密闭输送，设计输送油品为汉戈、凯撒杰或马西拉等低凝低粘进口原油，输送规模由 2000 万吨 / 年增至 4000 万吨 / 年，输送压力 8.5 兆帕。拟建工程总投资 6.1327 亿元，其中环保投资 1505 万元，占总投资的 2.45% 。,6.1327亿元,1505万元,2.45%
中俄东线天然气管道工程（黑河 - 长岭）,工程为中俄东线天然气管道工程的组成部分，包括 1 条干线和 1 条支线，气源为俄罗斯进口天然气。干线起自黑龙江黑河首站，止于吉林长岭分输站，全长 737 公里 ，管径 1422 毫米 ，设计压力 12 兆帕，设计输量 380 亿立方米 / 年；长春支线起自长岭分输站，止于沈阳 - 哈尔滨天然气管道工程长春分输站，全长 115 公里 ，管径 1016 毫米 ，设计输量 110 亿立方米 / 年。工程总投资 192.75 亿元，其中环保投资 1.69 亿元，占总投资的 0.88% 。,192.75亿元,1.69亿元,0.88%
苏新能源和丰有限公司 40 亿标准立方米 / 年煤制天然气项目,项目拟利用当地煤炭资源，采用 碎煤加压气化、 粉煤加压气化、甲烷化等技术，生产 40 亿标准立方米 / 年合成天然气 ，建设内容包括： （ 1 ）主体工程：固定床碎煤加压气化生产线 3 条，主要包括碎煤气化、净化、甲烷化、煤气水分离、酚氨回收等装置；粉煤气化生产线 1 条，主要包括碎煤气化、净化、甲烷化等装置；硫回收、空分、备煤等装置。（ 2 ）公辅工程：主要包括自备热电站（ 8 台 480 吨 / 小时煤粉锅炉等）、储运系统（油品罐区、圆形料场、灰库等）、脱盐水站、循环水场等。（ 3 ）环保工程：污水处理装置、回用水处理装置、蒸发结晶装置、火炬、危废暂存间等。 拟建工程总投资 289.02 亿元，环保投资 47.60 亿元，占总投资的 16.41% 。,289.02亿元,47.60亿元,16.41%
中国海洋石油总公司山西大同低变质烟煤清洁利用示范项目,项目拟利用当地煤炭资源，采用碎煤加压气化、粉煤加压气化、甲烷化等技术，生产 40 亿标准立方米 / 年煤制天然气，包括厂内工程和厂外净水厂、输煤栈桥、灰渣场及输渣道路工程。厂内工程包括：（ 1 ）主体工程：煤气化、净化、甲烷化、硫回收、空分、焦油加氢等装置。（ 2 ）储运工程：圆形煤库、石灰石仓、渣仓、储罐、结晶盐暂存罐、汽车装车站等。（ 3 ）公用工程：循环水系统、除盐水站等。（ 4 ）环保工程：污水处理站、回用水处理装置、污水缓冲池、事故池、危险废物临时贮存厂、火炬、油气回收系统等。 项目总投资 2585331 万元，其中环保投资 196116 万元，占总投资的 7.59% 。,2585331万元,196116万元,7.59%
山西潞安矿业（集团）有限责任公司高硫煤清洁利用油化电热一体化示范项目,项目拟利用当地煤炭资源，采用粉煤加压气化、费托合成等技术，生产 180 万吨 / 年油品及化学品，项目分二期建设，建设内容包括：（ 1 ）主体工程：煤气化、净化、硫回收、 PSA 尾气制氢、铁基油品合成、铁基油品加工（ 100 万吨 / 年，一期工程）、钴基油品加工（ 80 万吨 / 年，二期工程，原料外购）等装置。（ 2 ）储运工程：液体物料储运系统、固体物料储运系统。（ 3 ）公辅工程：自备热电站、给排水系统、封闭煤仓、电信系统等。（ 4 ）环保工程：污水处理装置、废气处理措施、厂外渣场、浓盐水处理系统、蒸发结晶装置、火炬系统、危废暂存场、事故水池等。 项目 总投资 239.1 亿元，环保投资 24.99 亿元，占总投资的 10.45% 。,239.1亿元,24.99亿元,10.45%
黄盖湖防洪治理工程,黄盖湖防洪治理工程 位于长江中游南岸，是湖南省岳阳市和湖北省洪湖市的界湖，流域面积 1538 平方公里。 该工程主要建设内容包括防洪治理工程总长度为 159.71km 。堤防加固工程包括东港湖垸堤坡稳定处理 0.9 公里，堤身隐患锥探灌浆处理 101.296 公里，堤基渗控处理 6.41 公里，填塘固基沿堤线 49.357 公里，防浪林沿堤线长度 14.88 公里，修建堤顶防汛道路 143.57 公里。 工程总投资为 16.38 亿元，其中环保投资 5305.71 万元。,16.38亿元,5305.71万元,
四川省李家岩水库工程,李家岩水库位于四川省成都崇州市，开发任务以城乡供水为主，并为城市供水提供应急备用水源，兼顾灌溉、发电等综合利用。水库正常蓄水位 763 米，正常运行死水位 727 米，最低运行死水位 695 米，总库容 1.714 亿立方米，应急备用库容 0.42 亿立方米，具有年调节性能。枢纽由挡水建筑物、泄洪建筑物和引水发电建筑物等组成。挡水建筑物为砼面板堆石坝，最大坝高 123 米。采用坝后式电站，总装机容量 12 兆瓦。 工程静态总投资约 47.56 亿元，其中环保投资 11714.89 万元。,47.56亿元,11714.89万元,
黄河上游玛尔挡水电站工程,玛尔挡水电站坝址位于青海省果洛州玛沁县拉加镇上游约 5 公里的黄河干流上，坝址右岸为海南州同德县及黄南州河南县，左岸为果洛州玛沁县。工程开发任务以发电为主，采用堤坝式开发，电站总装机容量 220 万千瓦（ 4 台 ×52 万千瓦 +1 台 ×12 万千瓦）。水库正常蓄水位 3275 米，死水位 3240 米，正常蓄水位库容 14.82 亿立方米，调节库容 7.06 亿立方米，具有季调节性能。工程枢纽主要由挡水建筑物、泄水建筑物、引水发电系统等组成。挡水建筑物为混凝土面板堆石坝，最大坝高 211 米；泄水建筑物包括 3 孔溢洪道、泄洪放空洞和永久生态放水洞；引水发电系统布置于右岸，采用单机单洞方式布置。 工程静态总投资 175.85 亿元，其中环境保护投资 141600 万元，约占工程静态总投资的 8.14% 。,175.85亿元,141600万元,8.14%
三门核电厂3、4号机组（选址阶段）,本工程为扩建厂址，拟建两台AP1000核电机组以及相应的配套设施，总投资为450亿元人民币，其中环保投资约占整个项目的 10% 。,450亿元,,10%
迁建四川达州民用机场项目,既有四川达州河市民用机场由于与城市发展存在矛盾等问题拟进行迁建。新建机场拟选场址位于四川省达州市达川区，距达州市约19公里，为国内支线机场，飞行区等级4C，设计目标年2025年旅客吞吐量85万人次，货邮吞吐量8000吨，飞机起降9000架次。建设内容为新建1条长2600米的跑道、8个站坪机位（7C1B），航站楼9000平方米，停车场8000平方米。油库区新建2座500立方米的航煤储油罐及1座500立方米的事故池，新建1座汽车加油站。供水依托场外水厂，场内新建1座300立方米的生活蓄水池和1座500立方米的消防水池等。新建1座处理能力为120立方米/日的污水处理站及1200立方米的回用水池，新建1座50平方米的垃圾转运站，不设锅炉房。工程总投资17.22亿元，其中环保投资约1.5亿元，占工程总投资8.7%。,17.22亿元,1.5亿元,8.7%
中国石化长城能源化工（贵州）有限公司60万吨/年聚烯烃项目,项目拟利用毕节市煤炭资源，采用粉煤加压气化、甲醇合成和甲醇制烯烃等技术，生产60万吨/年聚烯烃。项目包括厂内工程和厂外工程。厂内工程包括：（1）主体工程：180万吨/年煤气化、甲醇合成装置、甲醇制烯烃装置、空分装置、线性低密度聚乙烯装置及聚丙烯装置等。（2）储运工程：圆形煤场、石灰石仓、全厂性仓库；新建储罐25座；原料及产品装卸系统等。（3）公用工程：循环水场、凝结水站等。（4）环保工程：污水处理站、各污水处理系列调节罐、各装置废水收集池、事故水收集池等。厂外工程为全长约16公里排污管线。依托工程包括预配置3个煤矿矿井、公路/铁路专用线、园区热电中心、一般固体废物填埋场（渣场）等。总投资约173.07亿元，其中环保投资15.98亿元，占总投资9.23%。,173.07亿元,15.98亿元,9.23%
汉江雅口航运枢纽工程,工程开发任务以航运为主，兼顾发电、灌溉、旅游等综合利用效益。水库正常蓄水位55.22米，死水位54.72米，总库容4.073亿立方米，正常蓄水位时库容3.502亿立方米，调节库容0.415亿立方米，具有日调节性能。正常蓄水位时库区回水长度52.67公里，航道渠化后由现状Ⅳ级提高到Ⅲ级。工程枢纽建筑物由船闸、泄水闸、电站厂房、过鱼设施、土坝等组成。河床径流式电站总装机容量74.2兆瓦（7×10.6兆瓦），多年平均发电量2.53亿千瓦时，年利用小时数4290小时。 工程总投资32.46亿元，环境保护投资约27301.25万元。,32.46亿元,27301.25万元,
贵州省黄家湾水利枢纽工程,工程位于贵州省安顺市紫云县，开发任务以城乡生活和工业供水、农业灌溉为主，并结合发电。水库正常蓄水位1055米，死水位1035米，总库1.573亿立方米，调节库容0.874亿立方米，具有年调节性能。工程建设内容包括水源枢纽工程和灌区及供水工程，水源枢纽工程由混凝土面板堆石坝主坝、混凝土重力坝副坝、泄水建筑物、供水灌溉发电引水建筑物、发电建筑物等组成。主坝最大坝高81米。电站总装机容量24兆瓦（2×9.75兆瓦+1×4.5兆瓦）。干支渠总长95.6公里。工程永久占地823.6公顷，规划水平年工程需生产安置2881人、搬迁安置2871人。工程静态总投资34.14亿元，其中环保投资13460.77万元,34.14亿元,13460.77万元,
上海崇明500千伏输变电工程,（一）新建崇明500千伏变电站。站址位于上海市崇明县，本期建设750兆伏安主变2组，低压电抗器2组、低压电容器2组，500千伏出线2回。 （二）扩建东洲500千伏变电站。站址位于江苏省南通市，本期扩建500千伏出线2回，交换至吕泗电厂I回出线间隔和至崇明II回出线间隔。 （三）新建东洲～崇明500kV输电线路。线路全长约47.6公里，途径上海市崇明县和江苏省南通市。 （四）改造吕泗电厂～东洲双回500kV输电线路。线路全长约1.5公里，位于江苏省南通市。,,,
晋北~南京±800千伏直流受端换流站配套500千伏送出工程,（一）三汊湾-开断点增容工程。仅更换导线，线路全长约55公里，途经江苏省淮安市、南京市和安徽省滁州市。（二）三汊湾-江北锚塔增容工程。仅更换导线和3级杆塔，线路全长约57.5公里，位于江苏省南京市。 （三）江南锚塔-秦淮增容工程。仅更换导线，线路全长约1公里，位于江苏省南京市。,,,
内蒙古吉煤矿业有限公司霍林河二号（达来胡硕）矿井及选煤厂,"项目位于内蒙古自治区通辽市霍林郭勒市达来胡硕区，属霍林河矿区。井田面积 37.74 平方公里，设计规模 600 万吨 / 年，配套建设同等规模选煤厂，服务年限 140.3 年。采用斜 - 立井混合开拓方式，长壁式大采高综采采煤方法，全部陷落法管理顶板。采用重介选煤工艺。设一个矿井工业场地 , 主要建设主斜井、副斜井、进风立井、回风立井、选煤厂等主体工程以及辅助工程，原煤仓、产品仓等储运工程，供水供热及矿井水处理站等公用及环保工程。工程总投资 39.05 亿元，其中环保投资 3923.6 万元，占总投资的 1.0% 。",39.05亿元,3923.6万元,1.0%
宁波 - 舟山港金塘港区木岙集装箱码头一期工程,该工程位于浙江省舟山市金塘岛西侧的木岙湾，新建 2 个 7 万吨级和 1 个 10 万吨级集装箱泊位，码头岸线总长 1100 米。新建引桥 4 座，长 280 米，宽 25 米。设计年吞吐量为 180 万标箱，普通重箱、空箱、冷藏箱分别占设计年吞吐量的 59.9% 、 38.1% 和 2.0% ，不涉及危险品箱。工程疏浚量约 360 万立方米，拟全部吹填至距本工程约 10 公里处的金塘北部区域建设用海规划围区内用于填海造地。本工程不在港区内进行拆洗箱作业。 工程总投资 44.08 亿元，其中环保投资 3408 万元。,44.08亿元,3408万元,2.0%
三峡 ― 葛洲坝两坝间莲沱段航道整治工程,工程整治目标为改善莲沱段通航水流条件，提高限制通航流量，改善莲沱段泡漩、回流等碍航副流流态，提高通航安全性。工程分为炸礁工程和深沱抛填工程，炸礁工程包括 7 处炸礁区，炸礁量约 76.4 万立方米。深沱抛填区布置在莲沱弯道深沱沱心的左侧，主要是抛填深沱以左水下较低处河床及深沱内左侧的边坡，用以平顺水下崎岖地形，可容纳 75 万立方米石渣。工程采水下清渣约 72 万立方米，全部抛填至莲沱弯道深沱抛填区。工程配套工程包括新建施工专用标、标志船、自记水位站子站点、数据中心站，改造既有岸标等。 工程总投资约 4.6 亿元，其中环保投资 661 万元，约占工程总投资的 1.44% 。,4.6亿元,661万元,1.44%
献县泛区蓄滞洪区建设与管理工程,工程位于河北省沧州市，主要建设任务是提高蓄滞洪区防洪标准，从而完善海河流域防洪体系。主要建设内容包括献县泛区治理工程和安全建设工程，泛区治理工程包括行洪道复堤工程 7.2 公里 ，除险加固 0.55 公里 ，堤防边坡防护 1.78 公里 ，堤顶路面硬化 34.5 公里 ，分洪口门硬化固化 0.5 公里 ，重建穿堤涵闸 10 座，留楚排干复堤工程 4 公里；安全建设工作包括加高 18 个村庄庄基工程，面积 229. 5 万平方米 ，9 个村围村埝工程，长度 17.6 公里 ，修建撤退路 153 公里 ，新建过水涵洞 4 座，重建桥梁 8 座，新建桥梁 2 座。 工程总投资约 13.87 亿元，其中环保投资 1157.2 万元，占工程总投资的 0.8% 。,13.87亿元,1157.2万元,0.8%
金沙江上游叶巴滩水电站,叶巴滩坝址位于四川省甘孜州和西藏自治区昌都市交界的金沙江上游河段。工程开发任务以发电为主，并促进地区经济社会发展和移民脱贫致富。工程采用混合式开发，总装机容量 230 万千瓦。上游岗托水电站建成前，水库正常蓄水位 2889 米 ，死水位 2855 米 ，正常蓄水位库容 10. 8 亿立方米 ，具有不完全年调节性能；岗托水电站建成后，水库联合运行低水位为 2884 米 ，按日、周调节方式运行 。工程枢纽主要由挡水建筑物、泄水建筑物、引水发电系统等组成。挡水建筑物为混凝土双曲拱坝，最大坝高 217 米 。 工程总投资 389.12 亿元，其中环保投资 118220.29 万元。,389.12亿元,118220.29万元,
四川省巴中市黄石盘水库,工程位于四川省巴中市恩阳区，开发任务以防洪为主，兼顾发电，改善下游供水条件。水库正常蓄水位 372 米 ，死水位和防洪限制水位均为 357 米 ，总库容 1.148 亿立方米，防洪库容 0.7536 亿立方米，具有年调节性能。枢纽由挡水建筑物、泄洪建筑物和引水发电建筑物等组成。挡水建筑物为重力坝，最大坝高 39.8 米 。电站总装机容量 7 兆瓦（ 2 × 3.5 兆瓦）。 总投资 19.77 亿元，其中环保投资 12550.21 万元。,19.77亿元,12550.21万元,
